-- SQL Insert Script for SeasPathDB
-- Generated from 3DMaker Export

-- Clear existing data (order: Curves, Lines, Points)
DELETE FROM SeasPathDB.dbo.Visualization_Curve;
DELETE FROM SeasPathDB.dbo.Visualization_Edge;
DELETE FROM SeasPathDB.dbo.Visualization_Coordinate;

-- Insert Visualization_Coordinate (Points)
SET IDENTITY_INSERT SeasPathDB.dbo.Visualization_Coordinate ON;
INSERT INTO SeasPathDB.dbo.Visualization_Coordinate (Id, X, Y, Z, Description) VALUES (14, 107416.22, 43191.33, 0.0, '3D Visualisation');
INSERT INTO SeasPathDB.dbo.Visualization_Coordinate (Id, X, Y, Z, Description) VALUES (15, 85827.39, 51782.42, 0.0, '3D Visualisation');
INSERT INTO SeasPathDB.dbo.Visualization_Coordinate (Id, X, Y, Z, Description) VALUES (16, 87390.53, 53329.22, 0.0, '3D Visualisation');
INSERT INTO SeasPathDB.dbo.Visualization_Coordinate (Id, X, Y, Z, Description) VALUES (17, 88848.17, 54816.66, 0.0, '3D Visualisation');
INSERT INTO SeasPathDB.dbo.Visualization_Coordinate (Id, X, Y, Z, Description) VALUES (18, 99478.9, 44009.41, 0.0, '3D Visualisation');
INSERT INTO SeasPathDB.dbo.Visualization_Coordinate (Id, X, Y, Z, Description) VALUES (19, 97927.05, 42484.53, 0.0, '3D Visualisation');
INSERT INTO SeasPathDB.dbo.Visualization_Coordinate (Id, X, Y, Z, Description) VALUES (20, 96364.45, 40981.84, 0.0, '3D Visualisation');
INSERT INTO SeasPathDB.dbo.Visualization_Coordinate (Id, X, Y, Z, Description) VALUES (21, 98150.31, 39128.99, 0.0, '3D Visualisation');
INSERT INTO SeasPathDB.dbo.Visualization_Coordinate (Id, X, Y, Z, Description) VALUES (22, 99685.82, 40670.61, 0.0, '3D Visualisation');
INSERT INTO SeasPathDB.dbo.Visualization_Coordinate (Id, X, Y, Z, Description) VALUES (23, 101220.92, 42179.15, 0.0, '3D Visualisation');
INSERT INTO SeasPathDB.dbo.Visualization_Coordinate (Id, X, Y, Z, Description) VALUES (24, 85827.39, 51782.42, 250.0, '3D Visualisation');
INSERT INTO SeasPathDB.dbo.Visualization_Coordinate (Id, X, Y, Z, Description) VALUES (25, 96364.45, 40981.84, 250.0, '3D Visualisation');
INSERT INTO SeasPathDB.dbo.Visualization_Coordinate (Id, X, Y, Z, Description) VALUES (26, 85827.39, 51782.42, 500.0, '3D Visualisation');
INSERT INTO SeasPathDB.dbo.Visualization_Coordinate (Id, X, Y, Z, Description) VALUES (27, 96364.45, 40981.84, 500.0, '3D Visualisation');
INSERT INTO SeasPathDB.dbo.Visualization_Coordinate (Id, X, Y, Z, Description) VALUES (28, 85827.39, 51782.42, 750.0, '3D Visualisation');
INSERT INTO SeasPathDB.dbo.Visualization_Coordinate (Id, X, Y, Z, Description) VALUES (29, 96364.45, 40981.84, 750.0, '3D Visualisation');
INSERT INTO SeasPathDB.dbo.Visualization_Coordinate (Id, X, Y, Z, Description) VALUES (30, 85827.39, 51782.42, 1000.0, '3D Visualisation');
INSERT INTO SeasPathDB.dbo.Visualization_Coordinate (Id, X, Y, Z, Description) VALUES (31, 96364.45, 40981.84, 1000.0, '3D Visualisation');
INSERT INTO SeasPathDB.dbo.Visualization_Coordinate (Id, X, Y, Z, Description) VALUES (32, 85827.39, 51782.42, 1250.0, '3D Visualisation');
INSERT INTO SeasPathDB.dbo.Visualization_Coordinate (Id, X, Y, Z, Description) VALUES (33, 96364.45, 40981.84, 1250.0, '3D Visualisation');
INSERT INTO SeasPathDB.dbo.Visualization_Coordinate (Id, X, Y, Z, Description) VALUES (34, 85827.39, 51782.42, 1500.0, '3D Visualisation');
INSERT INTO SeasPathDB.dbo.Visualization_Coordinate (Id, X, Y, Z, Description) VALUES (35, 96364.45, 40981.84, 1500.0, '3D Visualisation');
INSERT INTO SeasPathDB.dbo.Visualization_Coordinate (Id, X, Y, Z, Description) VALUES (36, 85827.39, 51782.42, 1750.0, '3D Visualisation');
INSERT INTO SeasPathDB.dbo.Visualization_Coordinate (Id, X, Y, Z, Description) VALUES (37, 96364.45, 40981.84, 1750.0, '3D Visualisation');
INSERT INTO SeasPathDB.dbo.Visualization_Coordinate (Id, X, Y, Z, Description) VALUES (38, 85827.39, 51782.42, 2000.0, '3D Visualisation');
INSERT INTO SeasPathDB.dbo.Visualization_Coordinate (Id, X, Y, Z, Description) VALUES (39, 96364.45, 40981.84, 2000.0, '3D Visualisation');
INSERT INTO SeasPathDB.dbo.Visualization_Coordinate (Id, X, Y, Z, Description) VALUES (40, 85827.39, 51782.42, 2250.0, '3D Visualisation');
INSERT INTO SeasPathDB.dbo.Visualization_Coordinate (Id, X, Y, Z, Description) VALUES (41, 96364.45, 40981.84, 2250.0, '3D Visualisation');
INSERT INTO SeasPathDB.dbo.Visualization_Coordinate (Id, X, Y, Z, Description) VALUES (42, 85827.39, 51782.42, 2500.0, '3D Visualisation');
INSERT INTO SeasPathDB.dbo.Visualization_Coordinate (Id, X, Y, Z, Description) VALUES (43, 96364.45, 40981.84, 2500.0, '3D Visualisation');
INSERT INTO SeasPathDB.dbo.Visualization_Coordinate (Id, X, Y, Z, Description) VALUES (44, 85827.39, 51782.42, 2750.0, '3D Visualisation');
INSERT INTO SeasPathDB.dbo.Visualization_Coordinate (Id, X, Y, Z, Description) VALUES (45, 96364.45, 40981.84, 2750.0, '3D Visualisation');
INSERT INTO SeasPathDB.dbo.Visualization_Coordinate (Id, X, Y, Z, Description) VALUES (46, 85827.39, 51782.42, 3000.0, '3D Visualisation');
INSERT INTO SeasPathDB.dbo.Visualization_Coordinate (Id, X, Y, Z, Description) VALUES (47, 96364.45, 40981.84, 3000.0, '3D Visualisation');
INSERT INTO SeasPathDB.dbo.Visualization_Coordinate (Id, X, Y, Z, Description) VALUES (48, 85827.39, 51782.42, 3250.0, '3D Visualisation');
INSERT INTO SeasPathDB.dbo.Visualization_Coordinate (Id, X, Y, Z, Description) VALUES (49, 96364.45, 40981.84, 3250.0, '3D Visualisation');
INSERT INTO SeasPathDB.dbo.Visualization_Coordinate (Id, X, Y, Z, Description) VALUES (50, 85827.39, 51782.42, 3500.0, '3D Visualisation');
INSERT INTO SeasPathDB.dbo.Visualization_Coordinate (Id, X, Y, Z, Description) VALUES (51, 96364.45, 40981.84, 3500.0, '3D Visualisation');
INSERT INTO SeasPathDB.dbo.Visualization_Coordinate (Id, X, Y, Z, Description) VALUES (52, 85827.39, 51782.42, 3750.0, '3D Visualisation');
INSERT INTO SeasPathDB.dbo.Visualization_Coordinate (Id, X, Y, Z, Description) VALUES (53, 96364.45, 40981.84, 3750.0, '3D Visualisation');
INSERT INTO SeasPathDB.dbo.Visualization_Coordinate (Id, X, Y, Z, Description) VALUES (54, 85827.39, 51782.42, 4000.0, '3D Visualisation');
INSERT INTO SeasPathDB.dbo.Visualization_Coordinate (Id, X, Y, Z, Description) VALUES (55, 96364.45, 40981.84, 4000.0, '3D Visualisation');
INSERT INTO SeasPathDB.dbo.Visualization_Coordinate (Id, X, Y, Z, Description) VALUES (56, 85827.39, 51782.42, 4250.0, '3D Visualisation');
INSERT INTO SeasPathDB.dbo.Visualization_Coordinate (Id, X, Y, Z, Description) VALUES (57, 96364.45, 40981.84, 4250.0, '3D Visualisation');
INSERT INTO SeasPathDB.dbo.Visualization_Coordinate (Id, X, Y, Z, Description) VALUES (58, 85827.39, 51782.42, 4500.0, '3D Visualisation');
INSERT INTO SeasPathDB.dbo.Visualization_Coordinate (Id, X, Y, Z, Description) VALUES (59, 96364.45, 40981.84, 4500.0, '3D Visualisation');
INSERT INTO SeasPathDB.dbo.Visualization_Coordinate (Id, X, Y, Z, Description) VALUES (60, 85827.39, 51782.42, 4750.0, '3D Visualisation');
INSERT INTO SeasPathDB.dbo.Visualization_Coordinate (Id, X, Y, Z, Description) VALUES (61, 96364.45, 40981.84, 4750.0, '3D Visualisation');
INSERT INTO SeasPathDB.dbo.Visualization_Coordinate (Id, X, Y, Z, Description) VALUES (62, 85827.39, 51782.42, 5000.0, '3D Visualisation');
INSERT INTO SeasPathDB.dbo.Visualization_Coordinate (Id, X, Y, Z, Description) VALUES (63, 96364.45, 40981.84, 5000.0, '3D Visualisation');
INSERT INTO SeasPathDB.dbo.Visualization_Coordinate (Id, X, Y, Z, Description) VALUES (64, 85827.39, 51782.42, 5250.0, '3D Visualisation');
INSERT INTO SeasPathDB.dbo.Visualization_Coordinate (Id, X, Y, Z, Description) VALUES (65, 96364.45, 40981.84, 5250.0, '3D Visualisation');
INSERT INTO SeasPathDB.dbo.Visualization_Coordinate (Id, X, Y, Z, Description) VALUES (66, 87390.53, 53329.22, 250.0, '3D Visualisation');
INSERT INTO SeasPathDB.dbo.Visualization_Coordinate (Id, X, Y, Z, Description) VALUES (67, 97927.05, 42484.53, 250.0, '3D Visualisation');
INSERT INTO SeasPathDB.dbo.Visualization_Coordinate (Id, X, Y, Z, Description) VALUES (68, 87390.53, 53329.22, 500.0, '3D Visualisation');
INSERT INTO SeasPathDB.dbo.Visualization_Coordinate (Id, X, Y, Z, Description) VALUES (69, 97927.05, 42484.53, 500.0, '3D Visualisation');
INSERT INTO SeasPathDB.dbo.Visualization_Coordinate (Id, X, Y, Z, Description) VALUES (70, 87390.53, 53329.22, 750.0, '3D Visualisation');
INSERT INTO SeasPathDB.dbo.Visualization_Coordinate (Id, X, Y, Z, Description) VALUES (71, 97927.05, 42484.53, 750.0, '3D Visualisation');
INSERT INTO SeasPathDB.dbo.Visualization_Coordinate (Id, X, Y, Z, Description) VALUES (72, 87390.53, 53329.22, 1000.0, '3D Visualisation');
INSERT INTO SeasPathDB.dbo.Visualization_Coordinate (Id, X, Y, Z, Description) VALUES (73, 97927.05, 42484.53, 1000.0, '3D Visualisation');
INSERT INTO SeasPathDB.dbo.Visualization_Coordinate (Id, X, Y, Z, Description) VALUES (74, 87390.53, 53329.22, 1250.0, '3D Visualisation');
INSERT INTO SeasPathDB.dbo.Visualization_Coordinate (Id, X, Y, Z, Description) VALUES (75, 97927.05, 42484.53, 1250.0, '3D Visualisation');
INSERT INTO SeasPathDB.dbo.Visualization_Coordinate (Id, X, Y, Z, Description) VALUES (76, 87390.53, 53329.22, 1500.0, '3D Visualisation');
INSERT INTO SeasPathDB.dbo.Visualization_Coordinate (Id, X, Y, Z, Description) VALUES (77, 97927.05, 42484.53, 1500.0, '3D Visualisation');
INSERT INTO SeasPathDB.dbo.Visualization_Coordinate (Id, X, Y, Z, Description) VALUES (78, 87390.53, 53329.22, 1750.0, '3D Visualisation');
INSERT INTO SeasPathDB.dbo.Visualization_Coordinate (Id, X, Y, Z, Description) VALUES (79, 97927.05, 42484.53, 1750.0, '3D Visualisation');
INSERT INTO SeasPathDB.dbo.Visualization_Coordinate (Id, X, Y, Z, Description) VALUES (80, 87390.53, 53329.22, 2000.0, '3D Visualisation');
INSERT INTO SeasPathDB.dbo.Visualization_Coordinate (Id, X, Y, Z, Description) VALUES (81, 97927.05, 42484.53, 2000.0, '3D Visualisation');
INSERT INTO SeasPathDB.dbo.Visualization_Coordinate (Id, X, Y, Z, Description) VALUES (82, 87390.53, 53329.22, 2250.0, '3D Visualisation');
INSERT INTO SeasPathDB.dbo.Visualization_Coordinate (Id, X, Y, Z, Description) VALUES (83, 97927.05, 42484.53, 2250.0, '3D Visualisation');
INSERT INTO SeasPathDB.dbo.Visualization_Coordinate (Id, X, Y, Z, Description) VALUES (84, 87390.53, 53329.22, 2500.0, '3D Visualisation');
INSERT INTO SeasPathDB.dbo.Visualization_Coordinate (Id, X, Y, Z, Description) VALUES (85, 97927.05, 42484.53, 2500.0, '3D Visualisation');
INSERT INTO SeasPathDB.dbo.Visualization_Coordinate (Id, X, Y, Z, Description) VALUES (86, 87390.53, 53329.22, 2750.0, '3D Visualisation');
INSERT INTO SeasPathDB.dbo.Visualization_Coordinate (Id, X, Y, Z, Description) VALUES (87, 97927.05, 42484.53, 2750.0, '3D Visualisation');
INSERT INTO SeasPathDB.dbo.Visualization_Coordinate (Id, X, Y, Z, Description) VALUES (88, 87390.53, 53329.22, 3000.0, '3D Visualisation');
INSERT INTO SeasPathDB.dbo.Visualization_Coordinate (Id, X, Y, Z, Description) VALUES (89, 97927.05, 42484.53, 3000.0, '3D Visualisation');
INSERT INTO SeasPathDB.dbo.Visualization_Coordinate (Id, X, Y, Z, Description) VALUES (90, 87390.53, 53329.22, 3250.0, '3D Visualisation');
INSERT INTO SeasPathDB.dbo.Visualization_Coordinate (Id, X, Y, Z, Description) VALUES (91, 97927.05, 42484.53, 3250.0, '3D Visualisation');
INSERT INTO SeasPathDB.dbo.Visualization_Coordinate (Id, X, Y, Z, Description) VALUES (92, 87390.53, 53329.22, 3500.0, '3D Visualisation');
INSERT INTO SeasPathDB.dbo.Visualization_Coordinate (Id, X, Y, Z, Description) VALUES (93, 97927.05, 42484.53, 3500.0, '3D Visualisation');
INSERT INTO SeasPathDB.dbo.Visualization_Coordinate (Id, X, Y, Z, Description) VALUES (94, 87390.53, 53329.22, 3750.0, '3D Visualisation');
INSERT INTO SeasPathDB.dbo.Visualization_Coordinate (Id, X, Y, Z, Description) VALUES (95, 97927.05, 42484.53, 3750.0, '3D Visualisation');
INSERT INTO SeasPathDB.dbo.Visualization_Coordinate (Id, X, Y, Z, Description) VALUES (96, 87390.53, 53329.22, 4000.0, '3D Visualisation');
INSERT INTO SeasPathDB.dbo.Visualization_Coordinate (Id, X, Y, Z, Description) VALUES (97, 97927.05, 42484.53, 4000.0, '3D Visualisation');
INSERT INTO SeasPathDB.dbo.Visualization_Coordinate (Id, X, Y, Z, Description) VALUES (98, 87390.53, 53329.22, 4250.0, '3D Visualisation');
INSERT INTO SeasPathDB.dbo.Visualization_Coordinate (Id, X, Y, Z, Description) VALUES (99, 97927.05, 42484.53, 4250.0, '3D Visualisation');
INSERT INTO SeasPathDB.dbo.Visualization_Coordinate (Id, X, Y, Z, Description) VALUES (100, 87390.53, 53329.22, 4500.0, '3D Visualisation');
INSERT INTO SeasPathDB.dbo.Visualization_Coordinate (Id, X, Y, Z, Description) VALUES (101, 97927.05, 42484.53, 4500.0, '3D Visualisation');
INSERT INTO SeasPathDB.dbo.Visualization_Coordinate (Id, X, Y, Z, Description) VALUES (102, 87390.53, 53329.22, 4750.0, '3D Visualisation');
INSERT INTO SeasPathDB.dbo.Visualization_Coordinate (Id, X, Y, Z, Description) VALUES (103, 97927.05, 42484.53, 4750.0, '3D Visualisation');
INSERT INTO SeasPathDB.dbo.Visualization_Coordinate (Id, X, Y, Z, Description) VALUES (104, 87390.53, 53329.22, 5000.0, '3D Visualisation');
INSERT INTO SeasPathDB.dbo.Visualization_Coordinate (Id, X, Y, Z, Description) VALUES (105, 97927.05, 42484.53, 5000.0, '3D Visualisation');
INSERT INTO SeasPathDB.dbo.Visualization_Coordinate (Id, X, Y, Z, Description) VALUES (106, 87390.53, 53329.22, 5250.0, '3D Visualisation');
INSERT INTO SeasPathDB.dbo.Visualization_Coordinate (Id, X, Y, Z, Description) VALUES (107, 97927.05, 42484.53, 5250.0, '3D Visualisation');
INSERT INTO SeasPathDB.dbo.Visualization_Coordinate (Id, X, Y, Z, Description) VALUES (108, 88848.17, 54816.66, 250.0, '3D Visualisation');
INSERT INTO SeasPathDB.dbo.Visualization_Coordinate (Id, X, Y, Z, Description) VALUES (109, 99478.9, 44009.41, 250.0, '3D Visualisation');
INSERT INTO SeasPathDB.dbo.Visualization_Coordinate (Id, X, Y, Z, Description) VALUES (110, 88848.17, 54816.66, 500.0, '3D Visualisation');
INSERT INTO SeasPathDB.dbo.Visualization_Coordinate (Id, X, Y, Z, Description) VALUES (111, 99478.9, 44009.41, 500.0, '3D Visualisation');
INSERT INTO SeasPathDB.dbo.Visualization_Coordinate (Id, X, Y, Z, Description) VALUES (112, 88848.17, 54816.66, 750.0, '3D Visualisation');
INSERT INTO SeasPathDB.dbo.Visualization_Coordinate (Id, X, Y, Z, Description) VALUES (113, 99478.9, 44009.41, 750.0, '3D Visualisation');
INSERT INTO SeasPathDB.dbo.Visualization_Coordinate (Id, X, Y, Z, Description) VALUES (114, 88848.17, 54816.66, 1000.0, '3D Visualisation');
INSERT INTO SeasPathDB.dbo.Visualization_Coordinate (Id, X, Y, Z, Description) VALUES (115, 99478.9, 44009.41, 1000.0, '3D Visualisation');
INSERT INTO SeasPathDB.dbo.Visualization_Coordinate (Id, X, Y, Z, Description) VALUES (116, 88848.17, 54816.66, 1250.0, '3D Visualisation');
INSERT INTO SeasPathDB.dbo.Visualization_Coordinate (Id, X, Y, Z, Description) VALUES (117, 99478.9, 44009.41, 1250.0, '3D Visualisation');
INSERT INTO SeasPathDB.dbo.Visualization_Coordinate (Id, X, Y, Z, Description) VALUES (118, 88848.17, 54816.66, 1500.0, '3D Visualisation');
INSERT INTO SeasPathDB.dbo.Visualization_Coordinate (Id, X, Y, Z, Description) VALUES (119, 99478.9, 44009.41, 1500.0, '3D Visualisation');
INSERT INTO SeasPathDB.dbo.Visualization_Coordinate (Id, X, Y, Z, Description) VALUES (120, 88848.17, 54816.66, 1750.0, '3D Visualisation');
INSERT INTO SeasPathDB.dbo.Visualization_Coordinate (Id, X, Y, Z, Description) VALUES (121, 99478.9, 44009.41, 1750.0, '3D Visualisation');
INSERT INTO SeasPathDB.dbo.Visualization_Coordinate (Id, X, Y, Z, Description) VALUES (122, 88848.17, 54816.66, 2000.0, '3D Visualisation');
INSERT INTO SeasPathDB.dbo.Visualization_Coordinate (Id, X, Y, Z, Description) VALUES (123, 99478.9, 44009.41, 2000.0, '3D Visualisation');
INSERT INTO SeasPathDB.dbo.Visualization_Coordinate (Id, X, Y, Z, Description) VALUES (124, 88848.17, 54816.66, 2250.0, '3D Visualisation');
INSERT INTO SeasPathDB.dbo.Visualization_Coordinate (Id, X, Y, Z, Description) VALUES (125, 99478.9, 44009.41, 2250.0, '3D Visualisation');
INSERT INTO SeasPathDB.dbo.Visualization_Coordinate (Id, X, Y, Z, Description) VALUES (126, 88848.17, 54816.66, 2500.0, '3D Visualisation');
INSERT INTO SeasPathDB.dbo.Visualization_Coordinate (Id, X, Y, Z, Description) VALUES (127, 99478.9, 44009.41, 2500.0, '3D Visualisation');
INSERT INTO SeasPathDB.dbo.Visualization_Coordinate (Id, X, Y, Z, Description) VALUES (128, 88848.17, 54816.66, 2750.0, '3D Visualisation');
INSERT INTO SeasPathDB.dbo.Visualization_Coordinate (Id, X, Y, Z, Description) VALUES (129, 99478.9, 44009.41, 2750.0, '3D Visualisation');
INSERT INTO SeasPathDB.dbo.Visualization_Coordinate (Id, X, Y, Z, Description) VALUES (130, 88848.17, 54816.66, 3000.0, '3D Visualisation');
INSERT INTO SeasPathDB.dbo.Visualization_Coordinate (Id, X, Y, Z, Description) VALUES (131, 99478.9, 44009.41, 3000.0, '3D Visualisation');
INSERT INTO SeasPathDB.dbo.Visualization_Coordinate (Id, X, Y, Z, Description) VALUES (132, 88848.17, 54816.66, 3250.0, '3D Visualisation');
INSERT INTO SeasPathDB.dbo.Visualization_Coordinate (Id, X, Y, Z, Description) VALUES (133, 99478.9, 44009.41, 3250.0, '3D Visualisation');
INSERT INTO SeasPathDB.dbo.Visualization_Coordinate (Id, X, Y, Z, Description) VALUES (134, 88848.17, 54816.66, 3500.0, '3D Visualisation');
INSERT INTO SeasPathDB.dbo.Visualization_Coordinate (Id, X, Y, Z, Description) VALUES (135, 99478.9, 44009.41, 3500.0, '3D Visualisation');
INSERT INTO SeasPathDB.dbo.Visualization_Coordinate (Id, X, Y, Z, Description) VALUES (136, 88848.17, 54816.66, 3750.0, '3D Visualisation');
INSERT INTO SeasPathDB.dbo.Visualization_Coordinate (Id, X, Y, Z, Description) VALUES (137, 99478.9, 44009.41, 3750.0, '3D Visualisation');
INSERT INTO SeasPathDB.dbo.Visualization_Coordinate (Id, X, Y, Z, Description) VALUES (138, 88848.17, 54816.66, 4000.0, '3D Visualisation');
INSERT INTO SeasPathDB.dbo.Visualization_Coordinate (Id, X, Y, Z, Description) VALUES (139, 99478.9, 44009.41, 4000.0, '3D Visualisation');
INSERT INTO SeasPathDB.dbo.Visualization_Coordinate (Id, X, Y, Z, Description) VALUES (140, 88848.17, 54816.66, 4250.0, '3D Visualisation');
INSERT INTO SeasPathDB.dbo.Visualization_Coordinate (Id, X, Y, Z, Description) VALUES (141, 99478.9, 44009.41, 4250.0, '3D Visualisation');
INSERT INTO SeasPathDB.dbo.Visualization_Coordinate (Id, X, Y, Z, Description) VALUES (142, 88848.17, 54816.66, 4500.0, '3D Visualisation');
INSERT INTO SeasPathDB.dbo.Visualization_Coordinate (Id, X, Y, Z, Description) VALUES (143, 99478.9, 44009.41, 4500.0, '3D Visualisation');
INSERT INTO SeasPathDB.dbo.Visualization_Coordinate (Id, X, Y, Z, Description) VALUES (144, 88848.17, 54816.66, 4750.0, '3D Visualisation');
INSERT INTO SeasPathDB.dbo.Visualization_Coordinate (Id, X, Y, Z, Description) VALUES (145, 99478.9, 44009.41, 4750.0, '3D Visualisation');
INSERT INTO SeasPathDB.dbo.Visualization_Coordinate (Id, X, Y, Z, Description) VALUES (146, 88848.17, 54816.66, 5000.0, '3D Visualisation');
INSERT INTO SeasPathDB.dbo.Visualization_Coordinate (Id, X, Y, Z, Description) VALUES (147, 99478.9, 44009.41, 5000.0, '3D Visualisation');
INSERT INTO SeasPathDB.dbo.Visualization_Coordinate (Id, X, Y, Z, Description) VALUES (148, 88848.17, 54816.66, 5250.0, '3D Visualisation');
INSERT INTO SeasPathDB.dbo.Visualization_Coordinate (Id, X, Y, Z, Description) VALUES (149, 99478.9, 44009.41, 5250.0, '3D Visualisation');
INSERT INTO SeasPathDB.dbo.Visualization_Coordinate (Id, X, Y, Z, Description) VALUES (150, 99925.21, 37366.23, 0.0, '3D Visualisation');
INSERT INTO SeasPathDB.dbo.Visualization_Coordinate (Id, X, Y, Z, Description) VALUES (151, 101278.09, 37375.37, 0.0, '3D Visualisation');
INSERT INTO SeasPathDB.dbo.Visualization_Coordinate (Id, X, Y, Z, Description) VALUES (152, 101418.27, 38959.04, 0.0, '3D Visualisation');
INSERT INTO SeasPathDB.dbo.Visualization_Coordinate (Id, X, Y, Z, Description) VALUES (153, 102978.76, 39034.55, 0.0, '3D Visualisation');
INSERT INTO SeasPathDB.dbo.Visualization_Coordinate (Id, X, Y, Z, Description) VALUES (154, 102876.03, 40483.36, 0.0, '3D Visualisation');
INSERT INTO SeasPathDB.dbo.Visualization_Coordinate (Id, X, Y, Z, Description) VALUES (155, 104548.83, 40583.33, 0.0, '3D Visualisation');
INSERT INTO SeasPathDB.dbo.Visualization_Coordinate (Id, X, Y, Z, Description) VALUES (156, 105621.35, 41612.66, 0.0, '3D Visualisation');
INSERT INTO SeasPathDB.dbo.Visualization_Coordinate (Id, X, Y, Z, Description) VALUES (157, 105468.2, 43165.48, 0.0, '3D Visualisation');
INSERT INTO SeasPathDB.dbo.Visualization_Coordinate (Id, X, Y, Z, Description) VALUES (158, 93930.09, 54957.24, 0.0, '3D Visualisation');
INSERT INTO SeasPathDB.dbo.Visualization_Coordinate (Id, X, Y, Z, Description) VALUES (159, 100174.81, 37213.18, 0.0, '3D Visualisation');
INSERT INTO SeasPathDB.dbo.Visualization_Coordinate (Id, X, Y, Z, Description) VALUES (160, 100456.85, 37134.62, 0.0, '3D Visualisation');
INSERT INTO SeasPathDB.dbo.Visualization_Coordinate (Id, X, Y, Z, Description) VALUES (161, 100749.63, 37136.59, 0.0, '3D Visualisation');
INSERT INTO SeasPathDB.dbo.Visualization_Coordinate (Id, X, Y, Z, Description) VALUES (162, 101030.58, 37218.96, 0.0, '3D Visualisation');
INSERT INTO SeasPathDB.dbo.Visualization_Coordinate (Id, X, Y, Z, Description) VALUES (163, 101703.19, 38754.64, 0.0, '3D Visualisation');
INSERT INTO SeasPathDB.dbo.Visualization_Coordinate (Id, X, Y, Z, Description) VALUES (164, 102039.51, 38655.38, 0.0, '3D Visualisation');
INSERT INTO SeasPathDB.dbo.Visualization_Coordinate (Id, X, Y, Z, Description) VALUES (165, 102389.75, 38672.33, 0.0, '3D Visualisation');
INSERT INTO SeasPathDB.dbo.Visualization_Coordinate (Id, X, Y, Z, Description) VALUES (166, 102714.91, 38803.59, 0.0, '3D Visualisation');
INSERT INTO SeasPathDB.dbo.Visualization_Coordinate (Id, X, Y, Z, Description) VALUES (167, 103184.77, 40269.98, 0.0, '3D Visualisation');
INSERT INTO SeasPathDB.dbo.Visualization_Coordinate (Id, X, Y, Z, Description) VALUES (168, 103546.22, 40168.96, 0.0, '3D Visualisation');
INSERT INTO SeasPathDB.dbo.Visualization_Coordinate (Id, X, Y, Z, Description) VALUES (169, 103920.85, 40191.35, 0.0, '3D Visualisation');
INSERT INTO SeasPathDB.dbo.Visualization_Coordinate (Id, X, Y, Z, Description) VALUES (170, 104267.7, 40334.69, 0.0, '3D Visualisation');
INSERT INTO SeasPathDB.dbo.Visualization_Coordinate (Id, X, Y, Z, Description) VALUES (171, 105816.18, 41905.82, 0.0, '3D Visualisation');
INSERT INTO SeasPathDB.dbo.Visualization_Coordinate (Id, X, Y, Z, Description) VALUES (172, 105901.26, 42247.38, 0.0, '3D Visualisation');
INSERT INTO SeasPathDB.dbo.Visualization_Coordinate (Id, X, Y, Z, Description) VALUES (173, 105866.71, 42597.67, 0.0, '3D Visualisation');
INSERT INTO SeasPathDB.dbo.Visualization_Coordinate (Id, X, Y, Z, Description) VALUES (174, 105716.54, 42916.03, 0.0, '3D Visualisation');
INSERT INTO SeasPathDB.dbo.Visualization_Coordinate (Id, X, Y, Z, Description) VALUES (175, 98150.31, 39128.99, 800.0, '3D Visualisation');
INSERT INTO SeasPathDB.dbo.Visualization_Coordinate (Id, X, Y, Z, Description) VALUES (176, 99925.21, 37366.23, 800.0, '3D Visualisation');
INSERT INTO SeasPathDB.dbo.Visualization_Coordinate (Id, X, Y, Z, Description) VALUES (177, 98150.31, 39128.99, 1600.0, '3D Visualisation');
INSERT INTO SeasPathDB.dbo.Visualization_Coordinate (Id, X, Y, Z, Description) VALUES (178, 99925.21, 37366.23, 1600.0, '3D Visualisation');
INSERT INTO SeasPathDB.dbo.Visualization_Coordinate (Id, X, Y, Z, Description) VALUES (179, 99925.21, 37366.23, 800.0, '3D Visualisation');
INSERT INTO SeasPathDB.dbo.Visualization_Coordinate (Id, X, Y, Z, Description) VALUES (180, 101278.09, 37375.37, 800.0, '3D Visualisation');
INSERT INTO SeasPathDB.dbo.Visualization_Coordinate (Id, X, Y, Z, Description) VALUES (181, 99925.21, 37366.23, 1600.0, '3D Visualisation');
INSERT INTO SeasPathDB.dbo.Visualization_Coordinate (Id, X, Y, Z, Description) VALUES (182, 101278.09, 37375.37, 1600.0, '3D Visualisation');
INSERT INTO SeasPathDB.dbo.Visualization_Coordinate (Id, X, Y, Z, Description) VALUES (183, 101278.09, 37375.37, 800.0, '3D Visualisation');
INSERT INTO SeasPathDB.dbo.Visualization_Coordinate (Id, X, Y, Z, Description) VALUES (184, 102978.76, 39034.55, 800.0, '3D Visualisation');
INSERT INTO SeasPathDB.dbo.Visualization_Coordinate (Id, X, Y, Z, Description) VALUES (185, 101278.09, 37375.37, 1600.0, '3D Visualisation');
INSERT INTO SeasPathDB.dbo.Visualization_Coordinate (Id, X, Y, Z, Description) VALUES (186, 102978.76, 39034.55, 1600.0, '3D Visualisation');
INSERT INTO SeasPathDB.dbo.Visualization_Coordinate (Id, X, Y, Z, Description) VALUES (187, 100749.63, 37136.59, 800.0, '3D Visualisation');
INSERT INTO SeasPathDB.dbo.Visualization_Coordinate (Id, X, Y, Z, Description) VALUES (188, 100749.63, 37136.59, 1600.0, '3D Visualisation');
INSERT INTO SeasPathDB.dbo.Visualization_Coordinate (Id, X, Y, Z, Description) VALUES (189, 99685.82, 40670.61, 800.0, '3D Visualisation');
INSERT INTO SeasPathDB.dbo.Visualization_Coordinate (Id, X, Y, Z, Description) VALUES (190, 101418.27, 38959.04, 800.0, '3D Visualisation');
INSERT INTO SeasPathDB.dbo.Visualization_Coordinate (Id, X, Y, Z, Description) VALUES (191, 99685.82, 40670.61, 1600.0, '3D Visualisation');
INSERT INTO SeasPathDB.dbo.Visualization_Coordinate (Id, X, Y, Z, Description) VALUES (192, 101418.27, 38959.04, 1600.0, '3D Visualisation');
INSERT INTO SeasPathDB.dbo.Visualization_Coordinate (Id, X, Y, Z, Description) VALUES (193, 102039.51, 38655.38, 800.0, '3D Visualisation');
INSERT INTO SeasPathDB.dbo.Visualization_Coordinate (Id, X, Y, Z, Description) VALUES (194, 102039.51, 38655.38, 1600.0, '3D Visualisation');
INSERT INTO SeasPathDB.dbo.Visualization_Coordinate (Id, X, Y, Z, Description) VALUES (195, 101418.27, 38959.04, 800.0, '3D Visualisation');
INSERT INTO SeasPathDB.dbo.Visualization_Coordinate (Id, X, Y, Z, Description) VALUES (196, 102978.76, 39034.55, 800.0, '3D Visualisation');
INSERT INTO SeasPathDB.dbo.Visualization_Coordinate (Id, X, Y, Z, Description) VALUES (197, 101418.27, 38959.04, 1600.0, '3D Visualisation');
INSERT INTO SeasPathDB.dbo.Visualization_Coordinate (Id, X, Y, Z, Description) VALUES (198, 102978.76, 39034.55, 1600.0, '3D Visualisation');
INSERT INTO SeasPathDB.dbo.Visualization_Coordinate (Id, X, Y, Z, Description) VALUES (199, 102978.76, 39034.55, 800.0, '3D Visualisation');
INSERT INTO SeasPathDB.dbo.Visualization_Coordinate (Id, X, Y, Z, Description) VALUES (200, 104548.83, 40583.33, 800.0, '3D Visualisation');
INSERT INTO SeasPathDB.dbo.Visualization_Coordinate (Id, X, Y, Z, Description) VALUES (201, 102978.76, 39034.55, 1600.0, '3D Visualisation');
INSERT INTO SeasPathDB.dbo.Visualization_Coordinate (Id, X, Y, Z, Description) VALUES (202, 104548.83, 40583.33, 1600.0, '3D Visualisation');
INSERT INTO SeasPathDB.dbo.Visualization_Coordinate (Id, X, Y, Z, Description) VALUES (203, 101220.92, 42179.15, 800.0, '3D Visualisation');
INSERT INTO SeasPathDB.dbo.Visualization_Coordinate (Id, X, Y, Z, Description) VALUES (204, 102876.03, 40483.36, 800.0, '3D Visualisation');
INSERT INTO SeasPathDB.dbo.Visualization_Coordinate (Id, X, Y, Z, Description) VALUES (205, 101220.92, 42179.15, 1600.0, '3D Visualisation');
INSERT INTO SeasPathDB.dbo.Visualization_Coordinate (Id, X, Y, Z, Description) VALUES (206, 102876.03, 40483.36, 1600.0, '3D Visualisation');
INSERT INTO SeasPathDB.dbo.Visualization_Coordinate (Id, X, Y, Z, Description) VALUES (207, 103546.22, 40168.96, 800.0, '3D Visualisation');
INSERT INTO SeasPathDB.dbo.Visualization_Coordinate (Id, X, Y, Z, Description) VALUES (208, 103546.22, 40168.96, 1600.0, '3D Visualisation');
INSERT INTO SeasPathDB.dbo.Visualization_Coordinate (Id, X, Y, Z, Description) VALUES (209, 102876.03, 40483.36, 800.0, '3D Visualisation');
INSERT INTO SeasPathDB.dbo.Visualization_Coordinate (Id, X, Y, Z, Description) VALUES (210, 104548.83, 40583.33, 800.0, '3D Visualisation');
INSERT INTO SeasPathDB.dbo.Visualization_Coordinate (Id, X, Y, Z, Description) VALUES (211, 102876.03, 40483.36, 1600.0, '3D Visualisation');
INSERT INTO SeasPathDB.dbo.Visualization_Coordinate (Id, X, Y, Z, Description) VALUES (212, 104548.83, 40583.33, 1600.0, '3D Visualisation');
INSERT INTO SeasPathDB.dbo.Visualization_Coordinate (Id, X, Y, Z, Description) VALUES (213, 104548.83, 40583.33, 800.0, '3D Visualisation');
INSERT INTO SeasPathDB.dbo.Visualization_Coordinate (Id, X, Y, Z, Description) VALUES (214, 105621.35, 41612.66, 800.0, '3D Visualisation');
INSERT INTO SeasPathDB.dbo.Visualization_Coordinate (Id, X, Y, Z, Description) VALUES (215, 104548.83, 40583.33, 1600.0, '3D Visualisation');
INSERT INTO SeasPathDB.dbo.Visualization_Coordinate (Id, X, Y, Z, Description) VALUES (216, 105621.35, 41612.66, 1600.0, '3D Visualisation');
INSERT INTO SeasPathDB.dbo.Visualization_Coordinate (Id, X, Y, Z, Description) VALUES (217, 105816.18, 41905.82, 800.0, '3D Visualisation');
INSERT INTO SeasPathDB.dbo.Visualization_Coordinate (Id, X, Y, Z, Description) VALUES (218, 105816.18, 41905.82, 1600.0, '3D Visualisation');
INSERT INTO SeasPathDB.dbo.Visualization_Coordinate (Id, X, Y, Z, Description) VALUES (219, 105621.35, 41612.66, 800.0, '3D Visualisation');
INSERT INTO SeasPathDB.dbo.Visualization_Coordinate (Id, X, Y, Z, Description) VALUES (220, 105468.2, 43165.48, 800.0, '3D Visualisation');
INSERT INTO SeasPathDB.dbo.Visualization_Coordinate (Id, X, Y, Z, Description) VALUES (221, 105621.35, 41612.66, 1600.0, '3D Visualisation');
INSERT INTO SeasPathDB.dbo.Visualization_Coordinate (Id, X, Y, Z, Description) VALUES (222, 105468.2, 43165.48, 1600.0, '3D Visualisation');
INSERT INTO SeasPathDB.dbo.Visualization_Coordinate (Id, X, Y, Z, Description) VALUES (223, 105468.2, 43165.48, 800.0, '3D Visualisation');
INSERT INTO SeasPathDB.dbo.Visualization_Coordinate (Id, X, Y, Z, Description) VALUES (224, 93930.09, 54957.24, 800.0, '3D Visualisation');
INSERT INTO SeasPathDB.dbo.Visualization_Coordinate (Id, X, Y, Z, Description) VALUES (225, 105468.2, 43165.48, 1600.0, '3D Visualisation');
INSERT INTO SeasPathDB.dbo.Visualization_Coordinate (Id, X, Y, Z, Description) VALUES (226, 93930.09, 54957.24, 1600.0, '3D Visualisation');
SET IDENTITY_INSERT SeasPathDB.dbo.Visualization_Coordinate OFF;

-- Insert Visualization_Edge (Lines)
SET IDENTITY_INSERT SeasPathDB.dbo.Visualization_Edge ON;
INSERT INTO SeasPathDB.dbo.Visualization_Edge (Id, TailCoordenate, HeadCoordenate) VALUES (1, 20, 21);
INSERT INTO SeasPathDB.dbo.Visualization_Edge (Id, TailCoordenate, HeadCoordenate) VALUES (2, 19, 22);
INSERT INTO SeasPathDB.dbo.Visualization_Edge (Id, TailCoordenate, HeadCoordenate) VALUES (3, 18, 23);
INSERT INTO SeasPathDB.dbo.Visualization_Edge (Id, TailCoordenate, HeadCoordenate) VALUES (4, 15, 20);
INSERT INTO SeasPathDB.dbo.Visualization_Edge (Id, TailCoordenate, HeadCoordenate) VALUES (5, 16, 19);
INSERT INTO SeasPathDB.dbo.Visualization_Edge (Id, TailCoordenate, HeadCoordenate) VALUES (6, 17, 18);
INSERT INTO SeasPathDB.dbo.Visualization_Edge (Id, TailCoordenate, HeadCoordenate) VALUES (7, 24, 25);
INSERT INTO SeasPathDB.dbo.Visualization_Edge (Id, TailCoordenate, HeadCoordenate) VALUES (8, 26, 27);
INSERT INTO SeasPathDB.dbo.Visualization_Edge (Id, TailCoordenate, HeadCoordenate) VALUES (9, 28, 29);
INSERT INTO SeasPathDB.dbo.Visualization_Edge (Id, TailCoordenate, HeadCoordenate) VALUES (10, 30, 31);
INSERT INTO SeasPathDB.dbo.Visualization_Edge (Id, TailCoordenate, HeadCoordenate) VALUES (11, 32, 33);
INSERT INTO SeasPathDB.dbo.Visualization_Edge (Id, TailCoordenate, HeadCoordenate) VALUES (12, 34, 35);
INSERT INTO SeasPathDB.dbo.Visualization_Edge (Id, TailCoordenate, HeadCoordenate) VALUES (13, 36, 37);
INSERT INTO SeasPathDB.dbo.Visualization_Edge (Id, TailCoordenate, HeadCoordenate) VALUES (14, 38, 39);
INSERT INTO SeasPathDB.dbo.Visualization_Edge (Id, TailCoordenate, HeadCoordenate) VALUES (15, 40, 41);
INSERT INTO SeasPathDB.dbo.Visualization_Edge (Id, TailCoordenate, HeadCoordenate) VALUES (16, 42, 43);
INSERT INTO SeasPathDB.dbo.Visualization_Edge (Id, TailCoordenate, HeadCoordenate) VALUES (17, 44, 45);
INSERT INTO SeasPathDB.dbo.Visualization_Edge (Id, TailCoordenate, HeadCoordenate) VALUES (18, 46, 47);
INSERT INTO SeasPathDB.dbo.Visualization_Edge (Id, TailCoordenate, HeadCoordenate) VALUES (19, 48, 49);
INSERT INTO SeasPathDB.dbo.Visualization_Edge (Id, TailCoordenate, HeadCoordenate) VALUES (20, 50, 51);
INSERT INTO SeasPathDB.dbo.Visualization_Edge (Id, TailCoordenate, HeadCoordenate) VALUES (21, 52, 53);
INSERT INTO SeasPathDB.dbo.Visualization_Edge (Id, TailCoordenate, HeadCoordenate) VALUES (22, 54, 55);
INSERT INTO SeasPathDB.dbo.Visualization_Edge (Id, TailCoordenate, HeadCoordenate) VALUES (23, 56, 57);
INSERT INTO SeasPathDB.dbo.Visualization_Edge (Id, TailCoordenate, HeadCoordenate) VALUES (24, 58, 59);
INSERT INTO SeasPathDB.dbo.Visualization_Edge (Id, TailCoordenate, HeadCoordenate) VALUES (25, 60, 61);
INSERT INTO SeasPathDB.dbo.Visualization_Edge (Id, TailCoordenate, HeadCoordenate) VALUES (26, 62, 63);
INSERT INTO SeasPathDB.dbo.Visualization_Edge (Id, TailCoordenate, HeadCoordenate) VALUES (27, 64, 65);
INSERT INTO SeasPathDB.dbo.Visualization_Edge (Id, TailCoordenate, HeadCoordenate) VALUES (28, 66, 67);
INSERT INTO SeasPathDB.dbo.Visualization_Edge (Id, TailCoordenate, HeadCoordenate) VALUES (29, 68, 69);
INSERT INTO SeasPathDB.dbo.Visualization_Edge (Id, TailCoordenate, HeadCoordenate) VALUES (30, 70, 71);
INSERT INTO SeasPathDB.dbo.Visualization_Edge (Id, TailCoordenate, HeadCoordenate) VALUES (31, 72, 73);
INSERT INTO SeasPathDB.dbo.Visualization_Edge (Id, TailCoordenate, HeadCoordenate) VALUES (32, 74, 75);
INSERT INTO SeasPathDB.dbo.Visualization_Edge (Id, TailCoordenate, HeadCoordenate) VALUES (33, 76, 77);
INSERT INTO SeasPathDB.dbo.Visualization_Edge (Id, TailCoordenate, HeadCoordenate) VALUES (34, 78, 79);
INSERT INTO SeasPathDB.dbo.Visualization_Edge (Id, TailCoordenate, HeadCoordenate) VALUES (35, 80, 81);
INSERT INTO SeasPathDB.dbo.Visualization_Edge (Id, TailCoordenate, HeadCoordenate) VALUES (36, 82, 83);
INSERT INTO SeasPathDB.dbo.Visualization_Edge (Id, TailCoordenate, HeadCoordenate) VALUES (37, 84, 85);
INSERT INTO SeasPathDB.dbo.Visualization_Edge (Id, TailCoordenate, HeadCoordenate) VALUES (38, 86, 87);
INSERT INTO SeasPathDB.dbo.Visualization_Edge (Id, TailCoordenate, HeadCoordenate) VALUES (39, 88, 89);
INSERT INTO SeasPathDB.dbo.Visualization_Edge (Id, TailCoordenate, HeadCoordenate) VALUES (40, 90, 91);
INSERT INTO SeasPathDB.dbo.Visualization_Edge (Id, TailCoordenate, HeadCoordenate) VALUES (41, 92, 93);
INSERT INTO SeasPathDB.dbo.Visualization_Edge (Id, TailCoordenate, HeadCoordenate) VALUES (42, 94, 95);
INSERT INTO SeasPathDB.dbo.Visualization_Edge (Id, TailCoordenate, HeadCoordenate) VALUES (43, 96, 97);
INSERT INTO SeasPathDB.dbo.Visualization_Edge (Id, TailCoordenate, HeadCoordenate) VALUES (44, 98, 99);
INSERT INTO SeasPathDB.dbo.Visualization_Edge (Id, TailCoordenate, HeadCoordenate) VALUES (45, 100, 101);
INSERT INTO SeasPathDB.dbo.Visualization_Edge (Id, TailCoordenate, HeadCoordenate) VALUES (46, 102, 103);
INSERT INTO SeasPathDB.dbo.Visualization_Edge (Id, TailCoordenate, HeadCoordenate) VALUES (47, 104, 105);
INSERT INTO SeasPathDB.dbo.Visualization_Edge (Id, TailCoordenate, HeadCoordenate) VALUES (48, 106, 107);
INSERT INTO SeasPathDB.dbo.Visualization_Edge (Id, TailCoordenate, HeadCoordenate) VALUES (49, 108, 109);
INSERT INTO SeasPathDB.dbo.Visualization_Edge (Id, TailCoordenate, HeadCoordenate) VALUES (50, 110, 111);
INSERT INTO SeasPathDB.dbo.Visualization_Edge (Id, TailCoordenate, HeadCoordenate) VALUES (51, 112, 113);
INSERT INTO SeasPathDB.dbo.Visualization_Edge (Id, TailCoordenate, HeadCoordenate) VALUES (52, 114, 115);
INSERT INTO SeasPathDB.dbo.Visualization_Edge (Id, TailCoordenate, HeadCoordenate) VALUES (53, 116, 117);
INSERT INTO SeasPathDB.dbo.Visualization_Edge (Id, TailCoordenate, HeadCoordenate) VALUES (54, 118, 119);
INSERT INTO SeasPathDB.dbo.Visualization_Edge (Id, TailCoordenate, HeadCoordenate) VALUES (55, 120, 121);
INSERT INTO SeasPathDB.dbo.Visualization_Edge (Id, TailCoordenate, HeadCoordenate) VALUES (56, 122, 123);
INSERT INTO SeasPathDB.dbo.Visualization_Edge (Id, TailCoordenate, HeadCoordenate) VALUES (57, 124, 125);
INSERT INTO SeasPathDB.dbo.Visualization_Edge (Id, TailCoordenate, HeadCoordenate) VALUES (58, 126, 127);
INSERT INTO SeasPathDB.dbo.Visualization_Edge (Id, TailCoordenate, HeadCoordenate) VALUES (59, 128, 129);
INSERT INTO SeasPathDB.dbo.Visualization_Edge (Id, TailCoordenate, HeadCoordenate) VALUES (60, 130, 131);
INSERT INTO SeasPathDB.dbo.Visualization_Edge (Id, TailCoordenate, HeadCoordenate) VALUES (61, 132, 133);
INSERT INTO SeasPathDB.dbo.Visualization_Edge (Id, TailCoordenate, HeadCoordenate) VALUES (62, 134, 135);
INSERT INTO SeasPathDB.dbo.Visualization_Edge (Id, TailCoordenate, HeadCoordenate) VALUES (63, 136, 137);
INSERT INTO SeasPathDB.dbo.Visualization_Edge (Id, TailCoordenate, HeadCoordenate) VALUES (64, 138, 139);
INSERT INTO SeasPathDB.dbo.Visualization_Edge (Id, TailCoordenate, HeadCoordenate) VALUES (65, 140, 141);
INSERT INTO SeasPathDB.dbo.Visualization_Edge (Id, TailCoordenate, HeadCoordenate) VALUES (66, 142, 143);
INSERT INTO SeasPathDB.dbo.Visualization_Edge (Id, TailCoordenate, HeadCoordenate) VALUES (67, 144, 145);
INSERT INTO SeasPathDB.dbo.Visualization_Edge (Id, TailCoordenate, HeadCoordenate) VALUES (68, 146, 147);
INSERT INTO SeasPathDB.dbo.Visualization_Edge (Id, TailCoordenate, HeadCoordenate) VALUES (69, 148, 149);
INSERT INTO SeasPathDB.dbo.Visualization_Edge (Id, TailCoordenate, HeadCoordenate) VALUES (70, 21, 150);
INSERT INTO SeasPathDB.dbo.Visualization_Edge (Id, TailCoordenate, HeadCoordenate) VALUES (71, 22, 152);
INSERT INTO SeasPathDB.dbo.Visualization_Edge (Id, TailCoordenate, HeadCoordenate) VALUES (72, 23, 154);
INSERT INTO SeasPathDB.dbo.Visualization_Edge (Id, TailCoordenate, HeadCoordenate) VALUES (73, 151, 153);
INSERT INTO SeasPathDB.dbo.Visualization_Edge (Id, TailCoordenate, HeadCoordenate) VALUES (74, 153, 155);
INSERT INTO SeasPathDB.dbo.Visualization_Edge (Id, TailCoordenate, HeadCoordenate) VALUES (75, 155, 156);
INSERT INTO SeasPathDB.dbo.Visualization_Edge (Id, TailCoordenate, HeadCoordenate) VALUES (76, 156, 157);
INSERT INTO SeasPathDB.dbo.Visualization_Edge (Id, TailCoordenate, HeadCoordenate) VALUES (77, 157, 158);
INSERT INTO SeasPathDB.dbo.Visualization_Edge (Id, TailCoordenate, HeadCoordenate) VALUES (78, 150, 151);
INSERT INTO SeasPathDB.dbo.Visualization_Edge (Id, TailCoordenate, HeadCoordenate) VALUES (79, 152, 153);
INSERT INTO SeasPathDB.dbo.Visualization_Edge (Id, TailCoordenate, HeadCoordenate) VALUES (80, 154, 155);
INSERT INTO SeasPathDB.dbo.Visualization_Edge (Id, TailCoordenate, HeadCoordenate) VALUES (81, 175, 176);
INSERT INTO SeasPathDB.dbo.Visualization_Edge (Id, TailCoordenate, HeadCoordenate) VALUES (82, 177, 178);
INSERT INTO SeasPathDB.dbo.Visualization_Edge (Id, TailCoordenate, HeadCoordenate) VALUES (83, 179, 180);
INSERT INTO SeasPathDB.dbo.Visualization_Edge (Id, TailCoordenate, HeadCoordenate) VALUES (84, 181, 182);
INSERT INTO SeasPathDB.dbo.Visualization_Edge (Id, TailCoordenate, HeadCoordenate) VALUES (85, 183, 184);
INSERT INTO SeasPathDB.dbo.Visualization_Edge (Id, TailCoordenate, HeadCoordenate) VALUES (86, 185, 186);
INSERT INTO SeasPathDB.dbo.Visualization_Edge (Id, TailCoordenate, HeadCoordenate) VALUES (87, 189, 190);
INSERT INTO SeasPathDB.dbo.Visualization_Edge (Id, TailCoordenate, HeadCoordenate) VALUES (88, 191, 192);
INSERT INTO SeasPathDB.dbo.Visualization_Edge (Id, TailCoordenate, HeadCoordenate) VALUES (89, 195, 196);
INSERT INTO SeasPathDB.dbo.Visualization_Edge (Id, TailCoordenate, HeadCoordenate) VALUES (90, 197, 198);
INSERT INTO SeasPathDB.dbo.Visualization_Edge (Id, TailCoordenate, HeadCoordenate) VALUES (91, 199, 200);
INSERT INTO SeasPathDB.dbo.Visualization_Edge (Id, TailCoordenate, HeadCoordenate) VALUES (92, 201, 202);
INSERT INTO SeasPathDB.dbo.Visualization_Edge (Id, TailCoordenate, HeadCoordenate) VALUES (93, 203, 204);
INSERT INTO SeasPathDB.dbo.Visualization_Edge (Id, TailCoordenate, HeadCoordenate) VALUES (94, 205, 206);
INSERT INTO SeasPathDB.dbo.Visualization_Edge (Id, TailCoordenate, HeadCoordenate) VALUES (95, 209, 210);
INSERT INTO SeasPathDB.dbo.Visualization_Edge (Id, TailCoordenate, HeadCoordenate) VALUES (96, 211, 212);
INSERT INTO SeasPathDB.dbo.Visualization_Edge (Id, TailCoordenate, HeadCoordenate) VALUES (97, 213, 214);
INSERT INTO SeasPathDB.dbo.Visualization_Edge (Id, TailCoordenate, HeadCoordenate) VALUES (98, 215, 216);
INSERT INTO SeasPathDB.dbo.Visualization_Edge (Id, TailCoordenate, HeadCoordenate) VALUES (99, 219, 220);
INSERT INTO SeasPathDB.dbo.Visualization_Edge (Id, TailCoordenate, HeadCoordenate) VALUES (100, 221, 222);
INSERT INTO SeasPathDB.dbo.Visualization_Edge (Id, TailCoordenate, HeadCoordenate) VALUES (101, 223, 224);
INSERT INTO SeasPathDB.dbo.Visualization_Edge (Id, TailCoordenate, HeadCoordenate) VALUES (102, 225, 226);
SET IDENTITY_INSERT SeasPathDB.dbo.Visualization_Edge OFF;

-- Insert Visualization_Curve (Curves)
SET IDENTITY_INSERT SeasPathDB.dbo.Visualization_Curve ON;
INSERT INTO SeasPathDB.dbo.Visualization_Curve (Id, PositionNumber, CoordinateId, EdgeId) VALUES (1, 0, 150, 78);
INSERT INTO SeasPathDB.dbo.Visualization_Curve (Id, PositionNumber, CoordinateId, EdgeId) VALUES (2, 1, 159, 78);
INSERT INTO SeasPathDB.dbo.Visualization_Curve (Id, PositionNumber, CoordinateId, EdgeId) VALUES (3, 2, 160, 78);
INSERT INTO SeasPathDB.dbo.Visualization_Curve (Id, PositionNumber, CoordinateId, EdgeId) VALUES (4, 3, 161, 78);
INSERT INTO SeasPathDB.dbo.Visualization_Curve (Id, PositionNumber, CoordinateId, EdgeId) VALUES (5, 4, 162, 78);
INSERT INTO SeasPathDB.dbo.Visualization_Curve (Id, PositionNumber, CoordinateId, EdgeId) VALUES (6, 5, 151, 78);
INSERT INTO SeasPathDB.dbo.Visualization_Curve (Id, PositionNumber, CoordinateId, EdgeId) VALUES (7, 0, 152, 79);
INSERT INTO SeasPathDB.dbo.Visualization_Curve (Id, PositionNumber, CoordinateId, EdgeId) VALUES (8, 1, 163, 79);
INSERT INTO SeasPathDB.dbo.Visualization_Curve (Id, PositionNumber, CoordinateId, EdgeId) VALUES (9, 2, 164, 79);
INSERT INTO SeasPathDB.dbo.Visualization_Curve (Id, PositionNumber, CoordinateId, EdgeId) VALUES (10, 3, 165, 79);
INSERT INTO SeasPathDB.dbo.Visualization_Curve (Id, PositionNumber, CoordinateId, EdgeId) VALUES (11, 4, 166, 79);
INSERT INTO SeasPathDB.dbo.Visualization_Curve (Id, PositionNumber, CoordinateId, EdgeId) VALUES (12, 5, 153, 79);
INSERT INTO SeasPathDB.dbo.Visualization_Curve (Id, PositionNumber, CoordinateId, EdgeId) VALUES (13, 0, 154, 80);
INSERT INTO SeasPathDB.dbo.Visualization_Curve (Id, PositionNumber, CoordinateId, EdgeId) VALUES (14, 1, 167, 80);
INSERT INTO SeasPathDB.dbo.Visualization_Curve (Id, PositionNumber, CoordinateId, EdgeId) VALUES (15, 2, 168, 80);
INSERT INTO SeasPathDB.dbo.Visualization_Curve (Id, PositionNumber, CoordinateId, EdgeId) VALUES (16, 3, 169, 80);
INSERT INTO SeasPathDB.dbo.Visualization_Curve (Id, PositionNumber, CoordinateId, EdgeId) VALUES (17, 4, 170, 80);
INSERT INTO SeasPathDB.dbo.Visualization_Curve (Id, PositionNumber, CoordinateId, EdgeId) VALUES (18, 5, 155, 80);
INSERT INTO SeasPathDB.dbo.Visualization_Curve (Id, PositionNumber, CoordinateId, EdgeId) VALUES (19, 0, 156, 76);
INSERT INTO SeasPathDB.dbo.Visualization_Curve (Id, PositionNumber, CoordinateId, EdgeId) VALUES (20, 1, 171, 76);
INSERT INTO SeasPathDB.dbo.Visualization_Curve (Id, PositionNumber, CoordinateId, EdgeId) VALUES (21, 2, 172, 76);
INSERT INTO SeasPathDB.dbo.Visualization_Curve (Id, PositionNumber, CoordinateId, EdgeId) VALUES (22, 3, 173, 76);
INSERT INTO SeasPathDB.dbo.Visualization_Curve (Id, PositionNumber, CoordinateId, EdgeId) VALUES (23, 4, 174, 76);
INSERT INTO SeasPathDB.dbo.Visualization_Curve (Id, PositionNumber, CoordinateId, EdgeId) VALUES (24, 5, 157, 76);
SET IDENTITY_INSERT SeasPathDB.dbo.Visualization_Curve OFF;
