-- SQL Insert Script for SeasPathDB
-- Generated from 3DMaker Export

-- Insert Visualization_Coordinate (Points)
SET IDENTITY_INSERT SeasPathDB.dbo.Visualization_Coordinate ON;
INSERT INTO SeasPathDB.dbo.Visualization_Coordinate (Id, X, Y, Z, Description) VALUES (1, 85591.58, 0.0, 52037.02, '3D Visualisation');
INSERT INTO SeasPathDB.dbo.Visualization_Coordinate (Id, X, Y, Z, Description) VALUES (2, 87212.74, 0.0, 53469.8, '3D Visualisation');
INSERT INTO SeasPathDB.dbo.Visualization_Coordinate (Id, X, Y, Z, Description) VALUES (3, 88759.77, 0.0, 55000.35, '3D Visualisation');
INSERT INTO SeasPathDB.dbo.Visualization_Coordinate (Id, X, Y, Z, Description) VALUES (4, 96462.98, 0.0, 40893.74, '3D Visualisation');
INSERT INTO SeasPathDB.dbo.Visualization_Coordinate (Id, X, Y, Z, Description) VALUES (5, 97977.6, 0.0, 42413.93, '3D Visualisation');
INSERT INTO SeasPathDB.dbo.Visualization_Coordinate (Id, X, Y, Z, Description) VALUES (6, 99567.14, 0.0, 43900.91, '3D Visualisation');
INSERT INTO SeasPathDB.dbo.Visualization_Coordinate (Id, X, Y, Z, Description) VALUES (7, 98203.7, 0.0, 39111.66, '3D Visualisation');
INSERT INTO SeasPathDB.dbo.Visualization_Coordinate (Id, X, Y, Z, Description) VALUES (8, 99915.95, 0.0, 37376.21, '3D Visualisation');
INSERT INTO SeasPathDB.dbo.Visualization_Coordinate (Id, X, Y, Z, Description) VALUES (10, 99771.94, 0.0, 40616.12, '3D Visualisation');
INSERT INTO SeasPathDB.dbo.Visualization_Coordinate (Id, X, Y, Z, Description) VALUES (11, 101311.4, 0.0, 42143.54, '3D Visualisation');
INSERT INTO SeasPathDB.dbo.Visualization_Coordinate (Id, X, Y, Z, Description) VALUES (12, 101426.88, 0.0, 38945.95, '3D Visualisation');
INSERT INTO SeasPathDB.dbo.Visualization_Coordinate (Id, X, Y, Z, Description) VALUES (13, 102953.19, 0.0, 40454.15, '3D Visualisation');
INSERT INTO SeasPathDB.dbo.Visualization_Coordinate (Id, X, Y, Z, Description) VALUES (14, 101323.66, 0.0, 37384.65, '3D Visualisation');
INSERT INTO SeasPathDB.dbo.Visualization_Coordinate (Id, X, Y, Z, Description) VALUES (15, 102934.77, 0.0, 38962.84, '3D Visualisation');
INSERT INTO SeasPathDB.dbo.Visualization_Coordinate (Id, X, Y, Z, Description) VALUES (16, 104519.91, 0.0, 40528.43, '3D Visualisation');
INSERT INTO SeasPathDB.dbo.Visualization_Coordinate (Id, X, Y, Z, Description) VALUES (17, 105643.72, 0.0, 41599.31, '3D Visualisation');
INSERT INTO SeasPathDB.dbo.Visualization_Coordinate (Id, X, Y, Z, Description) VALUES (18, 105626.19, 0.0, 43055.56, '3D Visualisation');
INSERT INTO SeasPathDB.dbo.Visualization_Coordinate (Id, X, Y, Z, Description) VALUES (19, 94110.4, 0.0, 55088.16, '3D Visualisation');
INSERT INTO SeasPathDB.dbo.Visualization_Coordinate (Id, X, Y, Z, Description) VALUES (20, 93096.43, 0.0, 56114.41, '3D Visualisation');
INSERT INTO SeasPathDB.dbo.Visualization_Coordinate (Id, X, Y, Z, Description) VALUES (21, 100178.21, 0.0, 37226.71, '3D Visualisation');
INSERT INTO SeasPathDB.dbo.Visualization_Coordinate (Id, X, Y, Z, Description) VALUES (22, 100470.24, 0.0, 37150.25, '3D Visualisation');
INSERT INTO SeasPathDB.dbo.Visualization_Coordinate (Id, X, Y, Z, Description) VALUES (23, 100772.11, 0.0, 37152.06, '3D Visualisation');
INSERT INTO SeasPathDB.dbo.Visualization_Coordinate (Id, X, Y, Z, Description) VALUES (24, 101063.21, 0.0, 37232.01, '3D Visualisation');
INSERT INTO SeasPathDB.dbo.Visualization_Coordinate (Id, X, Y, Z, Description) VALUES (25, 101704.33, 0.0, 38771.13, '3D Visualisation');
INSERT INTO SeasPathDB.dbo.Visualization_Coordinate (Id, X, Y, Z, Description) VALUES (26, 102019.9, 0.0, 38681.92, '3D Visualisation');
INSERT INTO SeasPathDB.dbo.Visualization_Coordinate (Id, X, Y, Z, Description) VALUES (27, 102347.81, 0.0, 38685.59, '3D Visualisation');
INSERT INTO SeasPathDB.dbo.Visualization_Coordinate (Id, X, Y, Z, Description) VALUES (28, 102661.3, 0.0, 38781.85, '3D Visualisation');
INSERT INTO SeasPathDB.dbo.Visualization_Coordinate (Id, X, Y, Z, Description) VALUES (29, 103249.03, 0.0, 40286.55, '3D Visualisation');
INSERT INTO SeasPathDB.dbo.Visualization_Coordinate (Id, X, Y, Z, Description) VALUES (30, 103579.79, 0.0, 40207.69, '3D Visualisation');
INSERT INTO SeasPathDB.dbo.Visualization_Coordinate (Id, X, Y, Z, Description) VALUES (31, 103919.43, 0.0, 40223.79, '3D Visualisation');
INSERT INTO SeasPathDB.dbo.Visualization_Coordinate (Id, X, Y, Z, Description) VALUES (32, 104241.24, 0.0, 40333.59, '3D Visualisation');
INSERT INTO SeasPathDB.dbo.Visualization_Coordinate (Id, X, Y, Z, Description) VALUES (33, 105838.13, 0.0, 41859.65, '3D Visualisation');
INSERT INTO SeasPathDB.dbo.Visualization_Coordinate (Id, X, Y, Z, Description) VALUES (34, 105938.71, 0.0, 42168.62, '3D Visualisation');
INSERT INTO SeasPathDB.dbo.Visualization_Coordinate (Id, X, Y, Z, Description) VALUES (35, 105934.8, 0.0, 42493.52, '3D Visualisation');
INSERT INTO SeasPathDB.dbo.Visualization_Coordinate (Id, X, Y, Z, Description) VALUES (36, 105826.82, 0.0, 42799.97, '3D Visualisation');
SET IDENTITY_INSERT SeasPathDB.dbo.Visualization_Coordinate OFF;

-- Insert Visualization_Edge (Lines)
SET IDENTITY_INSERT SeasPathDB.dbo.Visualization_Edge ON;
INSERT INTO SeasPathDB.dbo.Visualization_Edge (Id, TailCoordenate, HeadCoordenate) VALUES (1, 1, 4);
INSERT INTO SeasPathDB.dbo.Visualization_Edge (Id, TailCoordenate, HeadCoordenate) VALUES (2, 2, 5);
INSERT INTO SeasPathDB.dbo.Visualization_Edge (Id, TailCoordenate, HeadCoordenate) VALUES (3, 3, 6);
INSERT INTO SeasPathDB.dbo.Visualization_Edge (Id, TailCoordenate, HeadCoordenate) VALUES (4, 4, 7);
INSERT INTO SeasPathDB.dbo.Visualization_Edge (Id, TailCoordenate, HeadCoordenate) VALUES (5, 5, 10);
INSERT INTO SeasPathDB.dbo.Visualization_Edge (Id, TailCoordenate, HeadCoordenate) VALUES (6, 6, 11);
INSERT INTO SeasPathDB.dbo.Visualization_Edge (Id, TailCoordenate, HeadCoordenate) VALUES (7, 7, 8);
INSERT INTO SeasPathDB.dbo.Visualization_Edge (Id, TailCoordenate, HeadCoordenate) VALUES (8, 10, 12);
INSERT INTO SeasPathDB.dbo.Visualization_Edge (Id, TailCoordenate, HeadCoordenate) VALUES (9, 11, 13);
INSERT INTO SeasPathDB.dbo.Visualization_Edge (Id, TailCoordenate, HeadCoordenate) VALUES (10, 8, 14);
INSERT INTO SeasPathDB.dbo.Visualization_Edge (Id, TailCoordenate, HeadCoordenate) VALUES (11, 12, 15);
INSERT INTO SeasPathDB.dbo.Visualization_Edge (Id, TailCoordenate, HeadCoordenate) VALUES (12, 13, 16);
INSERT INTO SeasPathDB.dbo.Visualization_Edge (Id, TailCoordenate, HeadCoordenate) VALUES (13, 14, 15);
INSERT INTO SeasPathDB.dbo.Visualization_Edge (Id, TailCoordenate, HeadCoordenate) VALUES (14, 15, 16);
INSERT INTO SeasPathDB.dbo.Visualization_Edge (Id, TailCoordenate, HeadCoordenate) VALUES (15, 16, 17);
INSERT INTO SeasPathDB.dbo.Visualization_Edge (Id, TailCoordenate, HeadCoordenate) VALUES (16, 17, 18);
INSERT INTO SeasPathDB.dbo.Visualization_Edge (Id, TailCoordenate, HeadCoordenate) VALUES (17, 18, 19);
INSERT INTO SeasPathDB.dbo.Visualization_Edge (Id, TailCoordenate, HeadCoordenate) VALUES (18, 19, 20);
SET IDENTITY_INSERT SeasPathDB.dbo.Visualization_Edge OFF;

-- Insert Visualization_Curve (Curves)
SET IDENTITY_INSERT SeasPathDB.dbo.Visualization_Curve ON;
INSERT INTO SeasPathDB.dbo.Visualization_Curve (Id, PositionNumber, CoordinateId, EdgeId) VALUES (1, 0, 21, 10);
INSERT INTO SeasPathDB.dbo.Visualization_Curve (Id, PositionNumber, CoordinateId, EdgeId) VALUES (2, 1, 22, 10);
INSERT INTO SeasPathDB.dbo.Visualization_Curve (Id, PositionNumber, CoordinateId, EdgeId) VALUES (3, 2, 23, 10);
INSERT INTO SeasPathDB.dbo.Visualization_Curve (Id, PositionNumber, CoordinateId, EdgeId) VALUES (4, 3, 24, 10);
INSERT INTO SeasPathDB.dbo.Visualization_Curve (Id, PositionNumber, CoordinateId, EdgeId) VALUES (5, 0, 25, 11);
INSERT INTO SeasPathDB.dbo.Visualization_Curve (Id, PositionNumber, CoordinateId, EdgeId) VALUES (6, 1, 26, 11);
INSERT INTO SeasPathDB.dbo.Visualization_Curve (Id, PositionNumber, CoordinateId, EdgeId) VALUES (7, 2, 27, 11);
INSERT INTO SeasPathDB.dbo.Visualization_Curve (Id, PositionNumber, CoordinateId, EdgeId) VALUES (8, 3, 28, 11);
INSERT INTO SeasPathDB.dbo.Visualization_Curve (Id, PositionNumber, CoordinateId, EdgeId) VALUES (9, 0, 29, 12);
INSERT INTO SeasPathDB.dbo.Visualization_Curve (Id, PositionNumber, CoordinateId, EdgeId) VALUES (10, 1, 30, 12);
INSERT INTO SeasPathDB.dbo.Visualization_Curve (Id, PositionNumber, CoordinateId, EdgeId) VALUES (11, 2, 31, 12);
INSERT INTO SeasPathDB.dbo.Visualization_Curve (Id, PositionNumber, CoordinateId, EdgeId) VALUES (12, 3, 32, 12);
INSERT INTO SeasPathDB.dbo.Visualization_Curve (Id, PositionNumber, CoordinateId, EdgeId) VALUES (13, 0, 33, 16);
INSERT INTO SeasPathDB.dbo.Visualization_Curve (Id, PositionNumber, CoordinateId, EdgeId) VALUES (14, 1, 34, 16);
INSERT INTO SeasPathDB.dbo.Visualization_Curve (Id, PositionNumber, CoordinateId, EdgeId) VALUES (15, 2, 35, 16);
INSERT INTO SeasPathDB.dbo.Visualization_Curve (Id, PositionNumber, CoordinateId, EdgeId) VALUES (16, 3, 36, 16);
SET IDENTITY_INSERT SeasPathDB.dbo.Visualization_Curve OFF;
